datum,D STOF AT,SVI 5,SVI 10,SVI 15,SVI 20,SVI 25,SVI 30
9/26/2014,4400,91.89189189,75.67567568,64.86486486,54.05405405,48.64864865,48.64864865
9/30/2014,4600,54.76190476,52.38095238,50,47.61904762,45.23809524,42.85714286
10/3/2014,4600,85.65310493,74.94646681,64.23982869,59.95717345,55.6745182,44.96788009
10/7/2014,4100,112.9032258,80.64516129,69.89247312,61.82795699,53.76344086,51.07526882
10/10/2014,4200,114.5038168,76.33587786,66.15776081,61.06870229,55.97964377,50.89058524
10/14/2014,4600,96.93877551,79.08163265,66.32653061,61.2244898,56.12244898,51.02040816
10/17/2014,4800,121.4285714,97.61904762,85.71428571,73.80952381,66.66666667,64.28571429
10/21/2014,5600,136.9565217,100,84.7826087,80.43478261,69.56521739,65.2173913
10/24/2014,5600,126.6375546,102.6200873,89.51965066,85.15283843,76.41921397,67.68558952
10/28/2014,5200,135.9728054,115.9768046,95.98080384,87.98240352,79.9840032,73.98520296
10/31/2014,4600,167.0428894,130.9255079,108.3521445,101.5801354,94.80812641,90.29345372
11/3/2014,4600,215.3846154,191.2087912,153.8461538,138.4615385,127.4725275,118.6813187
11/7/2014,4600,219.0265487,214.6017699,185.840708,163.7168142,150.4424779,141.5929204
11/10/2014,5000,200.811359,190.6693712,180.5273834,170.3853955,146.0446247,137.9310345
11/12/2014,5300,186.0902256,169.1729323,161.6541353,124.0601504,116.5413534,112.7819549
11/18/2014,4300,360,240,184,160,144,124
11/21/2014,3800,397.515528,173.9130435,149.068323,124.2236025,115.942029,107.6604555
11/26/2014,3800,250,181.1594203,155.7971014,141.3043478,137.6811594,126.8115942
11/28/2014,4000,290.9090909,209.0909091,133.3333333,121.2121212,115.1515152,106.0606061
12/1/2014,6200,351.5625,218.75,171.875,148.4375,132.8125,117.1875
12/4/2014,5400,363.9010189,160.1164483,138.2823872,123.7263464,109.1703057,101.8922853
12/9/2014,4900,333.3333333,140,120,103.3333333,96.66666667,90
12/16/2014,4600,367.1128107,229.4455067,152.9636711,145.3154876,137.667304,126.1950287
12/19/2014,4000,517.5983437,362.3188406,207.0393375,170.8074534,155.2795031,144.9275362
12/22/2014,4700,495.8677686,309.9173554,196.2809917,160.1239669,144.6280992,129.1322314
12/23/2014,4800,500,450,190,150,125,125
12/29/2014,4900,176.7241379,163.7931034,125,120.6896552,90.51724138,86.20689655
12/31/2014,4100,245.9016393,222.4824356,187.35363,163.9344262,158.0796253,146.3700234
1/5/2015,4700,336,196,160,156,140,128
1/7/2015,5000,286.2985685,163.599182,139.0593047,122.6993865,110.4294479,102.2494888
1/9/2015,5600,140.5975395,133.5676626,112.4780316,105.4481547,87.87346221,87.87346221
1/12/2015,5300,138.8888889,131.9444444,111.1111111,104.1666667,86.80555556,86.80555556
1/14/2015,4500,193.6936937,148.6486486,130.6306306,117.1171171,108.1081081,99.0990991
1/15/2015,4700,267.0299728,261.5803815,253.4059946,245.2316076,228.8828338,174.386921
1/15/2015,4700,267.0299728,256.1307902,228.8828338,160.7629428,130.7901907,114.4414169
1/16/2015,3900,275.0716332,263.6103152,252.1489971,243.5530086,160.4584527,128.9398281
1/19/2015,4000,215.2777778,138.8888889,121.5277778,111.1111111,104.1666667,97.22222222
1/23/2015,3900,85.5513308,76.04562738,71.29277567,66.53992395,61.78707224,57.03422053
1/26/2015,4700,98.82352941,80,61.17647059,56.47058824,51.76470588,49.41176471
1/30/2015,5800,141.4141414,92.92929293,80.80808081,72.72727273,66.66666667,58.58585859
2/2/2015,3800,91.09311741,64.77732794,60.72874494,56.68016194,52.63157895,48.58299595
2/6/2015,3900,87.77429467,76.80250784,70.53291536,64.26332288,57.99373041,56.42633229
2/9/2015,3300,80,57.77777778,48.88888889,44.44444444,44.44444444,44.44444444
2/12/2015,4400,78.16091954,59.77011494,50.57471264,45.97701149,43.67816092,41.37931034
2/12/2015,4400,82.75862069,59.77011494,50.57471264,45.97701149,43.67816092,41.37931034
2/16/2015,4400,71.72995781,46.41350211,42.19409283,37.97468354,33.75527426,33.75527426
2/20/2015,4900,64.33823529,45.95588235,40.44117647,38.60294118,36.76470588,36.76470588
2/21/2015,4900,73.39449541,53.21100917,46.78899083,42.20183486,40.36697248,36.69724771
2/27/2015,4800,80.97165992,58.70445344,51.6194332,46.55870445,44.53441296,40.48582996
3/2/2015,4700,63.00813008,48.7804878,40.6504065,38.61788618,36.58536585,36.58536585
3/4/2015,4500,71.00591716,52.07100592,42.6035503,37.86982249,37.86982249,35.50295858
3/6/2015,4800,52.53940455,38.52889667,31.52364273,28.02101576,28.02101576,26.26970228
3/9/2015,4800,52.53940455,38.52889667,31.52364273,28.02101576,28.02101576,
3/12/2015,,,39.02439024,34.14634146,34.14634146,34.14634146,34.14634146
3/16/2015,4100,51.61290323,34.40860215,30.10752688,30.10752688,27.95698925,27.95698925
3/20/2015,4400,52,36,32,28,28,28
3/23/2015,4800,60.86956522,43.47826087,36.95652174,34.7826087,32.60869565,32.60869565
3/27/2015,6300,81.25,58.33333333,45.83333333,43.75,41.66666667,39.58333333
3/30/2015,5400,92.13051823,69.09788868,57.5815739,49.90403071,46.06525912,46.06525912
4/3/2015,6900,132.3076923,89.23076923,73.84615385,67.69230769,58.46153846,55.38461538
4/7/2015,6200,148.4848485,143.9393939,128.7878788,112.1212121,96.96969697,89.39393939
4/10/2015,6000,106.4516129,64.51612903,54.83870968,48.38709677,41.93548387,38.70967742
4/13/2015,5400,164.1586867,109.4391245,95.75923393,87.55129959,82.07934337,76.60738714
4/17/2015,5200,181.8181818,134.6801347,111.1111111,101.010101,94.27609428,84.17508418
4/20/2015,5200,154.2857143,108.5714286,91.42857143,85.71428571,80,74.28571429
4/24/2015,6500,237.6237624,158.4158416,132.0132013,118.8118812,108.9108911,95.70957096
4/28/2015,6100,246.0567823,220.8201893,195.5835962,182.9652997,126.1829653,91.48264984
5/1/2015,5800,200,186.6666667,133.3333333,126.6666667,113.3333333,113.3333333
5/4/2015,6100,171.4285714,154.2857143,111.4285714,94.28571429,85.71428571,80
5/8/2015,5700,181.8181818,127.2727273,109.0909091,98.18181818,94.54545455,87.27272727
5/11/2015,5500,171.8213058,103.0927835,96.21993127,85.91065292,79.03780069,75.60137457
5/13/2015,5700,187.2274942,112.8494486,102.5904078,97.46088741,89.76660682,76.94280585
5/18/2015,6300,164.021164,111.1111111,95.23809524,84.65608466,79.36507937,74.07407407
5/22/2015,6800,151.9607843,105.3921569,88.23529412,73.52941176,68.62745098,68.62745098
5/26/2015,3400,209.4594595,145.2702703,121.6216216,101.3513514,94.59459459,94.59459459
5/29/2015,5700,313.5888502,187.28223,161.1498258,143.728223,135.0174216,126.3066202
6/1/2015,5900,152.2491349,138.4083045,136.6782007,117.6470588,100.3460208,89.96539792
6/4/2015,4400,111.2412178,93.67681499,76.11241218,67.33021077,64.4028103,61.47540984
6/8/2015,2900,159.1089897,106.0726598,95.46539379,84.85812782,76.90267833,74.25086184
6/12/2015,5600,185.8585859,161.6161616,121.2121212,101.010101,88.88888889,84.84848485
6/15/2015,6000,170.0367647,114.8897059,96.50735294,87.31617647,80.42279412,73.52941176
6/18/2015,5300,162.037037,115.7407407,97.22222222,87.96296296,78.7037037,74.07407407
6/22/2015,5000,103.4482759,77.5862069,70.68965517,67.24137931,65.51724138,62.06896552
6/25/2015,5200,104,80,68,62,58,54
6/30/2015,4700,85.71428571,65.93406593,48.35164835,45.05494505,43.95604396,42.85714286
7/1/2015,4200,60,48,44,40,40,40
7/6/2015,3600,77.92207792,55.84415584,53.24675325,51.94805195,51.94805195,51.94805195
7/10/2015,4100,76.47058824,58.82352941,43.1372549,40.19607843,39.21568627,39.21568627
7/13/2015,5200,61.40350877,52.63157895,43.85964912,39.47368421,39.47368421,39.47368421
7/17/2015,4200,73.68421053,63.15789474,52.63157895,52.63157895,47.36842105,47.36842105
7/20/2015,4700,66.19385343,56.73758865,47.28132388,42.55319149,42.55319149,37.8250591
7/24/2015,4700,98.09264305,65.39509537,55.85831063,54.49591281,53.13351499,51.77111717
7/27/2015,4000,92.68292683,68.29268293,53.65853659,53.65853659,43.90243902,43.90243902
7/31/2015,4400,76.54320988,59.25925926,54.32098765,50.61728395,46.91358025,44.44444444
8/3/2015,4000,61.00217865,47.93028322,39.21568627,34.8583878,34.8583878,34.8583878
8/7/2015,4500,57.00712589,42.75534442,40.38004751,61.75771971,38.00475059,38.00475059
8/11/2015,3900,52.23880597,44.7761194,34.82587065,34.82587065,32.33830846,32.33830846
8/14/2015,4000,58.33333333,52.77777778,50,38.88888889,36.11111111,33.33333333
8/17/2015,4000,61.53846154,46.15384615,46.15384615,41.02564103,41.02564103,41.02564103
8/21/2015,3800,64,48,48,42.66666667,42.66666667,42.66666667
8/24/2015,4500,70.27027027,54.05405405,48.64864865,43.24324324,39.18918919,37.83783784
8/28/2015,4000,80.21390374,57.48663102,53.47593583,50.80213904,49.46524064,48.12834225
8/31/2015,3900,69.76744186,65.11627907,60.46511628,55.81395349,46.51162791,41.86046512
9/4/2015,3900,75,70,65,60,50,45
9/7/2015,4000,90,70,62.5,57.5,52.5,50
9/9/2015,3700,78.78787879,56.56565657,48.48484848,44.44444444,40.4040404,39.39393939
9/11/2015,4700,72.64957265,59.82905983,51.28205128,47.00854701,42.73504274,40.5982906
9/14/2015,4700,82.03991131,57.64966741,50.99778271,44.345898,42.1286031,39.9113082
9/18/2015,5300,85.97285068,63.34841629,58.82352941,54.29864253,45.24886878,45.24886878
9/21/2015,4200,71.42857143,61.2244898,51.02040816,45.91836735,40.81632653,38.26530612
9/25/2015,4200,73.17073171,58.53658537,48.7804878,43.90243902,43.90243902,39.02439024
9/28/2015,4100,65.06024096,57.8313253,48.19277108,43.37349398,43.37349398,38.55421687
10/2/2015,4400,84.44444444,62.22222222,55.55555556,48.88888889,44.44444444,40
10/5/2015,4400,88.37209302,69.76744186,51.1627907,46.51162791,44.18604651,41.86046512
10/7/2015,4200,61.06870229,50.89058524,45.80152672,40.71246819,40.71246819,40.71246819
10/12/2015,4300,68.49315068,50.2283105,45.66210046,38.81278539,36.52968037,36.52968037
10/16/2015,4800,61.13537118,39.30131004,39.30131004,39.30131004,34.93449782,34.93449782
10/19/2015,4500,59.09090909,50,36.36363636,34.09090909,31.81818182,31.81818182
10/23/2015,4700,50,30,27.5,27.5,27.5,27.5
10/26/2015,,28.63961814,26.25298329,26.25298329,26.25298329,26.25298329,26.25298329
10/30/2015,4300,38.87688985,25.91792657,25.91792657,25.91792657,23.75809935,23.75809935
11/2/2015,4300,40.90909091,27.27272727,27.27272727,27.27272727,25,25
11/6/2015,4500,27.33485194,25.05694761,25.05694761,25.05694761,25.05694761,25.05694761
11/9/2015,3800,20,20,20,20,20,20
11/13/2015,4100,19.18465228,19.18465228,19.18465228,19.18465228,19.18465228,14.38848921
11/15/2015,4000,19.09307876,19.09307876,19.09307876,19.09307876,19.09307876,19.09307876
11/18/2015,4100,,,,,,
11/20/2015,4100,20.25316456,20.25316456,20.25316456,20.25316456,20.25316456,20.25316456
11/23/2015,4300,19.51219512,19.51219512,17.07317073,17.07317073,17.07317073,17.07317073
11/25/2015,4600,23.80952381,23.80952381,19.04761905,19.04761905,19.04761905,19.04761905
11/27/2015,4000,25,25,20,20,20,20
11/30/2015,4900,16.32653061,16.32653061,16.32653061,16.32653061,16.32653061,16.32653061
12/4/2015,4200,20.2020202,16.16161616,16.16161616,16.16161616,16.16161616,16.16161616
12/7/2015,4000,20.2020202,16.16161616,12.12121212,12.12121212,12.12121212,12.12121212
12/11/2015,4400,17.39130435,17.39130435,15.2173913,13.04347826,13.04347826,13.04347826
12/14/2015,3800,20,15,15,15,15,15
12/15/2015,3100,15,15,15,15,15,15
12/21/2015,3500,22.42152466,17.93721973,17.93721973,17.93721973,17.93721973,17.93721973
12/23/2015,5500,21.53846154,18.46153846,18.46153846,15.38461538,15.38461538,15.38461538
12/28/2015,5200,31.25,25,20.83333333,20.83333333,20.83333333,20.83333333
1/5/2016,5200,72.72727273,63.63636364,54.54545455,54.54545455,36.36363636,18.18181818
1/12/2016,6800,68.96551724,17.24137931,16.72413793,16.37931034,16.37931034,16.37931034
1/15/2016,5400,92.59259259,74.07407407,55.55555556,37.03703704,18.51851852,14.81481481
1/22/2016,6100,45.45454545,34.09090909,22.72727273,22.72727273,20.45454545,20.45454545
1/25/2016,3000,23.52941176,23.52941176,23.52941176,23.52941176,18.82352941,18.82352941
1/29/2016,4300,22.72727273,22.72727273,22.72727273,22.72727273,18.18181818,18.18181818
2/1/2016,4500,28.57142857,27.38095238,26.19047619,26.19047619,26.19047619,23.80952381
2/5/2016,4400,25,25,25,25,25,25
2/8/2016,3500,27.54820937,24.79338843,24.79338843,24.79338843,24.79338843,24.79338843
2/12/2016,4200,25,25,25,25,25,25
2/15/2016,4800,29.81651376,29.81651376,27.52293578,27.52293578,27.52293578,27.52293578
2/19/2016,5400,33.03964758,33.03964758,33.03964758,30.83700441,30.83700441,30.83700441
2/22/2016,3800,38.36930456,35.97122302,33.57314149,33.57314149,33.57314149,33.57314149
2/29/2016,4500,29.31034483,27.5862069,24.13793103,24.13793103,24.13793103,24.13793103
3/8/2016,4800,30.36053131,28.4629981,26.5654649,26.5654649,26.5654649,26.5654649
3/11/2016,4400,49.26108374,44.33497537,39.408867,39.408867,39.408867,39.408867
3/14/2016,4200,35.8490566,33.96226415,30.18867925,30.18867925,30.18867925,30.18867925
3/18/2016,4140,39.53488372,39.53488372,37.20930233,34.88372093,32.55813953,27.90697674
3/21/2016,4400,33.70786517,29.96254682,29.96254682,28.08988764,26.21722846,26.21722846
3/24/2016,4300,31.48148148,29.62962963,29.62962963,27.77777778,25.92592593,22.22222222
3/29/2016,3900,30.6122449,30.6122449,26.53061224,24.48979592,24.48979592,24.48979592
4/1/2016,4100,34.63203463,32.46753247,30.3030303,30.3030303,28.13852814,28.13852814
4/5/2016,5000,39.76143141,35.78528827,33.7972167,31.80914513,31.80914513,31.80914513
4/8/2016,4700,42.99363057,33.43949045,28.66242038,28.66242038,28.66242038,27.07006369
4/13/2016,4600,47.61904762,43.80952381,41.9047619,40,40,38.0952381
4/15/2016,5300,66.66666667,63.49206349,58.73015873,47.61904762,41.26984127,34.92063492
4/18/2016,6000,90.26798307,81.80535966,67.70098731,59.23836389,56.41748942,50.77574048
4/22/2016,6000,187.9699248,184.2105263,176.6917293,135.3383459,127.8195489,112.7819549
4/26/2016,5400,244.4444444,166.6666667,144.4444444,133.3333333,111.1111111,111.1111111
4/29/2016,4900,206.4777328,170.0404858,143.7246964,143.7246964,125.5060729,121.4574899
5/3/2016,5000,256.8093385,202.3346304,178.9883268,159.5330739,147.8599222,140.077821
5/10/2016,5100,230.0884956,,,,,135.6932153
5/17/2016,5400,278.7878788,193.9393939,169.6969697,157.5757576,145.4545455,133.3333333
5/20/2016,4800,334.8554033,258.7519026,213.0898021,197.869102,182.6484018,167.4277017
5/23/2016,5100,278.8104089,235.4399009,210.6567534,192.0693928,179.6778191,154.8946716
5/26/2016,5900,297.0885324,207.9619727,190.1366607,172.3113488,160.4278075,148.5442662
5/31/2016,6800,211.2676056,150.2347418,131.4553991,122.0657277,112.6760563,103.286385
6-Jun,6100,,142.5438596,120.6140351,109.6491228,98.68421053,87.71929825
10-Jun,5400,185.8974359,147.4358974,121.7948718,112.1794872,102.5641026,96.15384615
15-Jun,6100,158.974359,115.3846154,97.43589744,87.17948718,82.05128205,76.92307692
20-Jun,7000,116.8831169,97.4025974,84.41558442,74.67532468,71.42857143,64.93506494
23-Jun,5000,144.9275362,134.5755694,82.81573499,75.91442374,72.46376812,69.01311249
28-Jun,5800,96.1038961,72.72727273,62.33766234,57.14285714,54.54545455,51.94805195
1-Jul,5000,103.7549407,79.0513834,66.69960474,61.75889328,56.81818182,54.34782609
5-Jul,4800,87.71929825,73.0994152,63.35282651,58.47953216,56.04288499,51.16959064
8-Jul,5100,80.76923077,57.69230769,53.84615385,46.15384615,42.30769231,38.46153846
7/12/2016,4600,94.20289855,72.46376812,57.97101449,53.14009662,50.72463768,48.30917874
7/15/2016,4500,85.10638298,63.82978723,53.19148936,48.93617021,42.55319149,42.55319149
7/18/2016,4600,106.1946903,82.59587021,70.79646018,67.84660767,58.99705015,56.04719764
7/22/2016,4100,80.68459658,63.56968215,53.78973105,48.8997555,46.45476773,44.00977995
7/26/2016,4100,74.07407407,55.55555556,43.98148148,41.66666667,39.35185185,39.35185185
29-Jul,3700,74.28571429,57.14285714,48.57142857,45.71428571,42.85714286,40
8/1/2016,3700,68.87755102,56.12244898,45.91836735,43.36734694,40.81632653,40.81632653
8/5/2016,4000,72.72727273,57.14285714,49.35064935,44.15584416,41.55844156,41.55844156
8/9/2016,4200,58.33333333,50,45.83333333,41.66666667,37.5,33.33333333
8/12/2016,5300,34.92063492,28.57142857,25.3968254,23.80952381,23.80952381,22.22222222
16-Aug,4800,44.17670683,36.14457831,30.12048193,30.12048193,30.12048193,30.12048193
8/19/2016,5100,53.33333333,48.88888889,44.44444444,40,35.55555556,35.55555556
8/22/2016,4500,42.85714286,39.28571429,35.71428571,32.14285714,30.35714286,28.57142857
8/26/2016,4200,37.28813559,35.59322034,33.89830508,30.50847458,28.81355932,27.11864407
8/29/2016,6000,40,36.36363636,32.72727273,30.90909091,29.09090909,27.27272727
9/2/2016,6000,42.55319149,38.29787234,38.29787234,34.04255319,31.91489362,31.91489362
9/5/2016,4600,43.95604396,39.56043956,37.36263736,35.16483516,32.96703297,30.76923077
9/9/2016,4400,62.5,45,37.5,32.5,30,27.5
9/12/2016,4100,78.87323944,53.52112676,47.88732394,39.43661972,36.61971831,33.8028169
9/16/2016,5600,51.78571429,39.28571429,33.92857143,30.35714286,26.78571429,25
19-Sep,4570,56.89277899,43.76367615,37.19912473,32.82275711,30.6345733,28.4463895
9/23/2016,6000,55.55555556,42.59259259,37.03703704,33.33333333,29.62962963,27.77777778
9/27/2016,6300,68.62745098,50.98039216,43.1372549,39.21568627,35.29411765,32.35294118
9/30/2016,4200,79.57559682,55.70291777,47.74535809,42.4403183,38.46153846,34.48275862
10/3/2016,4200,79.18552036,62.21719457,53.16742081,47.51131222,42.98642534,38.46153846
10/7/2016,4900,73.86363636,56.81818182,49.24242424,44.50757576,39.77272727,36.93181818
10/11/2016,4900,69.58250497,54.67196819,46.71968191,41.74950298,37.77335984,33.7972167
10/14/2016,6600,83.58662614,60.79027356,54.7112462,49.39209726,45.59270517,42.55319149
10/17/2016,5400,97.00176367,70.54673721,63.49206349,57.31922399,52.91005291,49.38271605
10/20/2016,6000,85.22727273,68.18181818,56.81818182,52.55681818,48.29545455,45.45454545
10/25/2016,6200,72.20216606,54.15162455,46.93140794,41.51624549,37.90613718,36.10108303
10/28/2016,6000,96.57947686,68.41046278,60.36217304,52.3138833,48.28973843,44.26559356
10/31/2016,4600,70.39711191,55.9566787,50.54151625,45.12635379,42.41877256,39.71119134
11/4/2016,5800,75,67.85714286,62.5,53.57142857,50,47.32142857
11/8/2016,6200,87.85046729,69.1588785,61.68224299,54.20560748,49.53271028,44.85981308
11/11/2016,5400,92.76437848,66.7903525,57.51391466,53.80333952,49.16512059,44.52690167
11/14/2016,5400,96.28008753,72.21006565,64.55142232,56.89277899,50.32822757,45.95185996
11/18/2016,6200,73.07692308,51.92307692,44.23076923,40.38461538,38.46153846,37.5
11/21/2016,6000,66.26506024,47.18875502,40.16064257,34.13654618,31.12449799,26.10441767
11/25/2016,4200,47.05882353,33.33333333,31.37254902,25.49019608,23.52941176,22.54901961
11/29/2016,4100,40.07285974,29.143898,21.8579235,20.03642987,19.12568306,18.21493625
12/6/2016,3900,53.65853659,34.14634146,32.19512195,30.24390244,29.26829268,28.7804878
12/9/2016,3600,61.06870229,41.98473282,33.07888041,27.98982188,26.71755725,25.44529262
12/12/2016,3200,81.72043011,64.51612903,51.61290323,45.16129032,41.93548387,37.6344086
12/16/2016,4300,107.398568,66.82577566,57.27923628,47.7326969,42.95942721,39.37947494
12/19/2016,4500,85.84686775,60.32482599,44.08352668,39.44315545,38.28306265,37.12296984
12/22/2016,5000,88.23529412,62.74509804,50.98039216,43.1372549,39.21568627,38.23529412
12/23/2016,5000,85.36585366,58.94308943,48.7804878,44.71544715,40.6504065,36.58536585
12/27/2016,5200,102.3890785,61.4334471,51.19453925,38.39590444,35.83617747,34.98293515
12/30/2016,6800,80.75601375,60.13745704,54.98281787,48.96907216,42.95532646,39.51890034
1/2/2017,5900,100,66.66666667,53.96825397,47.61904762,44.44444444,39.68253968
1/6/2017,6100,70.51282051,50,42.30769231,37.17948718,33.33333333,30.76923077
1/9/2017,7500,101.6666667,60,50,43.33333333,36.66666667,35
1/12/2017,6200,80.38585209,51.44694534,41.80064309,38.585209,35.36977492,33.76205788
1/18/2017,5800,79.38931298,39.69465649,35.11450382,30.53435115,30.53435115,29.77099237
1/20/2017,6100,50,33.33333333,27.77777778,26.38888889,25.69444444,25.69444444
1/24/2017,4200,48.54368932,29.12621359,27.91262136,26.69902913,25.48543689,24.27184466
1/27/2017,5800,37.60683761,29.05982906,25.64102564,23.93162393,23.07692308,22.22222222
1/30/2017,6000,103.5196687,37.26708075,33.126294,31.05590062,28.98550725,26.91511387
2/3/2017,4100,91.66666667,28.33333333,26.66666667,25,24.16666667,24.16666667
2/6/2017,7300,37.14285714,25.71428571,22.85714286,20.71428571,19.28571429,18.57142857
2/10/2017,6300,66.66666667,30,23.33333333,20,18.33333333,18.33333333
2/16/2017,4100,55,35,30,30,30,29.5
2/21/2017,4300,52.38095238,35.71428571,33.33333333,30.95238095,28.57142857,28.57142857
2/24/2017,4500,43.79562044,36.49635036,32.84671533,29.19708029,27.37226277,27.37226277
2/28/2017,5600,51.72413793,37.93103448,31.03448276,31.03448276,31.03448276,31.03448276
3/3/2017,6200,55.55555556,39.4265233,35.84229391,32.25806452,32.25806452,32.25806452
3/6/2017,5800,63.12292359,39.86710963,36.5448505,33.22259136,33.22259136,33.22259136
3/10/2017,6000,57.47126437,42.69293924,36.12479475,32.8407225,32.8407225,32.8407225
3/15/2017,6400,56.726094,42.13938412,35.65640194,32.41491086,32.41491086,32.41491086
3/15/2017,6400,56.726094,42.13938412,35.65640194,32.41491086,32.41491086,32.41491086
3/17/2017,6700,58.65102639,45.45454545,36.6568915,35.19061584,35.19061584,35.19061584
3/20/2017,6000,56.57708628,43.84724187,35.36067893,33.94625177,33.94625177,33.94625177
3/27/2017,6200,81.799591,61.34969325,53.16973415,49.0797546,49.0797546,49.0797546
3/30/2017,4100,74.95429616,58.50091408,47.53199269,42.96160878,40.21937843,38.39122486
3/31/2017,5500,77.22007722,61.77606178,54.05405405,48.26254826,46.33204633,46.33204633
4/3/2017,5100,85.71428571,65.30612245,55.10204082,48.97959184,48.97959184,48.97959184
4/7/2017,5900,84.74576271,64.40677966,54.23728814,47.45762712,47.45762712,47.45762712
4/10/2017,6100,80.64516129,59.67741935,53.22580645,48.38709677,48.38709677,45.16129032
4/14/2017,5700,106.0070671,60.07067138,56.53710247,56.53710247,56.53710247,56.53710247
4/18/2017,5000,79.24528302,71.69811321,67.9245283,62.26415094,56.60377358,56.60377358
4/21/2017,3900,81.18811881,61.38613861,55.44554455,53.46534653,47.52475248,47.52475248
4/24/2017,6500,95.38461538,73.84615385,58.46153846,52.30769231,49.23076923,49.23076923
4/26/2017,6500,108.7719298,84.21052632,66.66666667,59.64912281,56.14035088,56.14035088
5/1/2017,5400,139.3258427,107.8651685,85.39325843,76.40449438,71.91011236,71.91011236
5/4/2017,5000,87.33624454,58.95196507,50.21834061,43.66812227,43.66812227,43.66812227
5/8/2017,4500,64.12825651,50.1002004,40.08016032,36.07214429,36.07214429,36.07214429
5/12/2017,4800,91.32420091,68.49315068,57.07762557,50.2283105,45.66210046,45.66210046
5/15/2017,3100,94.30255403,68.76227898,51.0805501,43.22200393,39.29273084,39.29273084
5/18/2017,3100,89.79591837,67.34693878,61.2244898,51.02040816,51.02040816,40.81632653
5/19/2017,4800,108,80,66,60,58,52
5/22/2017,6100,103.7593985,75.18796992,63.15789474,54.13533835,51.12781955,48.12030075
5/24/2017,5700,94.04388715,76.80250784,59.56112853,53.29153605,50.15673981,47.02194357
5/29/2017,5600,179.3248945,160.3375527,126.5822785,118.1434599,107.5949367,97.0464135
6/1/2017,4800,,187.5,181.25,170.8333333,156.25,143.75
6/2/2017,4800,,140.077821,124.5136187,108.9494163,97.27626459,89.49416342
6/6/2017,5100,152.5157233,147.7987421,136.7924528,119.4968553,110.0628931,100.6289308
6/8/2017,5200,151.8518519,111.1111111,92.59259259,85.18518519,77.77777778,74.07407407
6/9/2017,5000,122.8571429,102.8571429,91.42857143,80,74.28571429,71.42857143
6/13/2017,5000,115.2263374,86.41975309,74.07407407,65.8436214,61.72839506,61.72839506
6/18/2017,5500,105.4852321,78.05907173,63.29113924,59.07172996,54.85232068,50.63291139
6/22/2017,4800,85.3432282,63.07977737,51.94805195,48.23747681,44.52690167,40.81632653
6/27/2017,4600,86.76789588,58.56832972,52.06073753,47.72234273,43.38394794,43.38394794
6/30/2017,5220,82.98755187,49.79253112,45.64315353,41.49377593,41.49377593,41.49377593
7/4/2017,5300,57.97101449,45.54865424,41.40786749,37.26708075,37.26708075,37.26708075
7/6/2017,5400,54.16666667,41.66666667,41.66666667,37.5,37.5,37.5
7/10/2017,5900,66.66666667,49.01960784,41.17647059,39.21568627,39.21568627,39.21568627
7/14/2017,5300,56.89655172,44.82758621,37.93103448,34.48275862,32.75862069,32.75862069
7/17/2017,5300,59.42028986,39.13043478,33.33333333,30.43478261,27.53623188,26.08695652
7/21/2017,6200,51.61290323,38.70967742,27.41935484,25.80645161,24.19354839,24.19354839
7/25/2017,5600,62.92134831,49.43820225,40.4494382,35.95505618,33.70786517,33.70786517
7/28/2017,5100,59.27342256,42.06500956,32.50478011,30.59273423,28.68068834,26.76864245
7/31/2017,4700,61.2244898,36.73469388,32.65306122,30.6122449,28.57142857,28.57142857
8/4/2017,4700,65.26315789,44.21052632,35.78947368,31.57894737,29.47368421,29.47368421
8/7/2017,4400,50,34.09090909,29.54545455,29.54545455,27.27272727,25
8/11/2017,4300,60.94588006,41.44319844,34.12969283,31.69185763,29.25402243,29.25402243
8/14/2017,4300,55.26315789,38.15789474,34.21052632,31.57894737,28.94736842,27.63157895
8/18/2017,4300,37.90322581,28.22580645,24.19354839,21.77419355,20.96774194,20.16129032
8/21/2017,5100,35,30,22,21,20,20
8/25/2017,4200,36.04651163,23.25581395,20.93023256,19.76744186,18.60465116,18.60465116
8/28/2017,4100,34.52380952,26.19047619,23.80952381,21.42857143,20.23809524,20.23809524
8/31/2017,3900,40.54054054,29.72972973,27.02702703,24.32432432,22.97297297,22.97297297
9/5/2017,5200,48,38,30,27,25,24
9/7/2017,5000,54.34782609,38.04347826,30.43478261,28.26086957,26.08695652,23.91304348
9/11/2017,4500,48.52941176,41.17647059,33.82352941,30.88235294,29.41176471,27.94117647
9/15/2017,4400,53.84615385,47.43589744,43.58974359,42.30769231,41.02564103,41.02564103
9/21/2017,4600,71.79487179,51.28205128,46.15384615,41.02564103,41.02564103,39.74358974
9/25/2017,3700,63.95348837,46.51162791,41.86046512,37.20930233,36.04651163,34.88372093
9/28/2017,3700,62.22222222,47.77777778,40,36.66666667,35.55555556,34.44444444
10/2/2017,4100,71.79487179,56.41025641,48.71794872,43.58974359,41.02564103,39.74358974
10/5/2017,4400,68.42105263,53.94736842,47.36842105,42.10526316,40.78947368,39.47368421
10/9/2017,4200,78.04878049,59.75609756,50,46.34146341,43.90243902,42.68292683
10/13/2017,4300,81.63265306,57.14285714,48.97959184,44.89795918,40.81632653,37.75510204
10/17/2017,4000,75.67567568,68.91891892,54.05405405,48.64864865,47.2972973,43.24324324
10/20/2017,3900,77.77777778,66.66666667,55.55555556,50,48.61111111,47.22222222
10/24/2017,5100,72.22222222,57.77777778,51.11111111,44.44444444,42.22222222,40
10/26/2017,4500,78.26086957,60.86956522,54.34782609,48.91304348,44.56521739,43.47826087
10/30/2017,4100,77.27272727,61.81818182,54.54545455,47.27272727,44.54545455,41.81818182
11/3/2017,4300,76.92307692,57.69230769,53.84615385,42.30769231,42.30769231,38.46153846
11/6/2017,5300,63.93442623,54.09836066,47.54098361,42.62295082,39.3442623,36.8852459
11/10/2017,4900,80.80808081,64.64646465,60.60606061,56.56565657,48.48484848,40.4040404
11/13/2017,5000,62.96296296,48.14814815,44.44444444,40.74074074,39.81481481,37.03703704
11/16/2017,5500,65.04065041,50.58717254,43.3604336,40.6504065,37.9403794,37.9403794
11/20/2017,5100,73.07692308,61.53846154,55.76923077,50,48.07692308,46.15384615
11/23/2017,4900,71.42857143,57.14285714,50,46.42857143,42.85714286,41.07142857
11/27/2017,5800,64.28571429,53.57142857,50,46.42857143,42.85714286,39.28571429
12/1/2017,6200,57.14285714,46.42857143,42.85714286,39.28571429,35.71428571,33.92857143
12/4/2017,5900,55,44.16666667,38.33333333,34.16666667,33.33333333,30
12/8/2017,5100,37.25490196,30.39215686,27.45098039,23.52941176,22.54901961,21.56862745
12/12/2017,4800,37.5,30,27.5,26.25,25,25
12/14/2017,4300,39,31,28,26,25,24
12/18/2017,5400,35.71428571,28.57142857,25,24.10714286,24.10714286,24.10714286
12/22/2017,5600,29.62962963,25.92592593,22.22222222,22.22222222,21.2962963,21.2962963
12/25/2017,4900,37.19008264,33.05785124,24.79338843,24.79338843,24.79338843,24.79338843
1/2/2018,4800,37.19008264,33.05785124,24.79338843,24.79338843,24.79338843,24.79338843
1/5/2018,4500,37.5,31.25,29.16666667,27.08333333,25,25
1/10/2018,6300,52.38095238,47.61904762,42.85714286,38.0952381,35.71428571,35.71428571
1/12/2018,3900,45.36082474,39.17525773,32.98969072,30.92783505,28.86597938,28.86597938
1/15/2018,4500,52.30125523,46.0251046,37.65690377,33.47280335,31.38075314,29.28870293
1/19/2018,6300,48.86561955,34.90401396,31.41361257,31.41361257,27.92321117,27.92321117
1/22/2018,5200,37.59398496,33.08270677,30.07518797,27.06766917,26.31578947,24.06015038
1/25/2018,6200,62.22222222,48.88888889,43.33333333,40,35.55555556,35.55555556
1/30/2018,5300,80,60,53.75,50,45,43.75
2/2/2018,3800,77.19298246,56.14035088,43.85964912,42.10526316,38.59649123,36.84210526
2/5/2018,6200,83.95522388,63.43283582,52.23880597,48.50746269,44.7761194,41.04477612
